date,time,type,opponent,home_away,location,result,plan
2026-08-18,6:30 PM,Practice,,,,,Cubs Practice 1.pdf
2026-08-25,6:30 PM,Practice,,,,,Cubs Practice #2 — Coaches Quick Sheet - Updated.pdf
2026-09-01,6:30 PM,Practice,,,,,COACHES QUICK SHEET.pdf
2026-09-08,6:30 PM,Practice,,,Davis Park Field 1,,CUBS PRACTICE 3 QUICK SHEET.pdf
2026-09-12,11:20 AM,Game,Kansas City Royals,away,,W 4-3,
2026-09-19,,Game,Phillies (Decembrino),home,,L 8-10,
2026-09-22,6:30 PM,Practice,,,Davis Park Field 1,,Cubs Practice Plan — Defensive Decisions & Responsibilities.pdf
2026-09-26,,Game,Red Sox (Prindle),away,,W 7-2,
2026-09-29,6:30 PM,Practice,,,Davis Park Field 1,,Cubs + Giants Joint Practice-updated.pdf
2026-10-03,11:20 AM,Game,Dodgers (Jebbia),home,Cornerstone Park,,
2026-10-06,6:30 PM,Practice,,,,,
2026-10-10,9:40 AM,Game,Braves (McCranie),away,,,
2026-10-13,6:30 PM,Practice,,,,,
2026-10-17,2:40 PM,Game,Giants,home,,,
2026-10-20,6:30 PM,Practice,,,,,
2026-10-24,9:40 AM,Game,Pirates (Ross),away,,,
2026-10-27,6:30 PM,Practice,,,,,
2026-10-31,8:00 AM,Game,Mets (Mountford),home,,,
2026-11-03,6:30 PM,Practice,,,,,
2026-11-07,11:20 AM,Game,Astros (Walker),away,,,
2026-11-10,6:30 PM,Practice,,,,,
2026-11-17,6:30 PM,Practice,,,,,
