,,,Batting,,,,,,,,,,,,,,,,,,,,,,,,,,,,,,,,,,,,,,,,,,,,,,,,,,,Pitching,,,,,,,,,,,,,,,,,,,,,,,,,,,,,,,,,,,,,,,,,,,,,,,,,,,,,,,,,,,,,,,,,,,,,,,,,,,,,,,,,,,,,,,,,,,,,,,,,,,,,Fielding,,,,,,,,,,,,,,,,,,,,,,,,,
Number,Last,First,GP,PA,AB,AVG,OBP,OPS,SLG,H,1B,2B,3B,HR,RBI,R,BB,SO,K-L,HBP,SAC,SF,ROE,FC,SB,SB%,CS,PIK,QAB,QAB%,PA/BB,BB/K,C%,HHB,LD%,FB%,GB%,BABIP,BA/RISP,LOB,2OUTRBI,XBH,TB,PS,PS/PA,2S+3,2S+3%,6+,6+%,AB/HR,GIDP,GITP,CI,IP,GP,GS,BF,#P,W,L,SV,SVO,BS,SV%,H,R,ER,BB,SO,K-L,HBP,ERA,WHIP,LOB,BK,PIK,CS,SB,SB%,WP,BAA,P/IP,P/BF,<3%,LOO,1ST2OUT,123INN,<13,FIP,S%,FPS%,FPSO%,FPSW%,FPSH%,BB/INN,0BBINN,BBS,LOBB,LOBBS,SM%,K/BF,K/BB,WEAK%,HHB%,GO/AO,HR,LD%,FB%,GB%,BABIP,BA/RISP,TopMPH,FB,FBS,FBS%,FBSW%,FBSM%,MPHFB,TopFB,CB,CBS,CBS%,CBSW%,CBSM%,MPHCB,TopCB,CT,CTS,CTS%,CTSW%,CTSM%,MPHCT,TopCT,SL,SLS,SLS%,SLSW%,SLSM%,MPHSL,TopSL,CH,CHS,CHS%,CHSW%,CHSM%,MPHCH,TopCH,OS,OSS,OSS%,OSSW%,OSSM%,MPHOS,TopOS,TC,A,PO,FPCT,E,DP,TP,INN,PB,SB,SBATT,CS,CS%,PIK,CI,P,C,1B,2B,3B,SS,LF,CF,RF,SF,Total
5,Canderan,Nico,2,5,5,.600,.600,1.800,1.200,3,0,3,0,0,4,1,0,0,0,0,0,0,0,0,0,-,0,0,3,60.00,-,-,100.0,1,0.00,0.00,100.0,.600,.667,1,2,3,6,8,1.600,0,0.00,0,0.00,-,0,0,0,0.0,0,0,0,0,0,0,0,0,0,-,0,0,0,0,0,0,0,-,-,0,0,0,0,0,-,0,-,-,-,-,0,0,0,0,-,-,-,-,-,-,-,0,0,0,0,-,-,-,-,-,-,0,-,-,-,-,-,0,0,0,-,-,-,-,0,0,0,-,-,-,-,0,0,0,-,-,-,-,0,0,0,-,-,-,-,0,0,0,-,-,-,-,0,0,0,-,-,-,-,0,0,0,0,-,0,0,0,0.0,0,0,0,0,-,0,0,0.0,0.0,0.0,0.0,0.0,0.0,0.0,0.0,0.0,0.0,0.0
9,Hall,Leonardo,2,4,4,.750,.750,2.000,1.250,3,1,2,0,0,1,1,0,1,1,0,0,0,0,0,0,-,0,0,2,50.00,-,.000,75.00,1,0.00,33.33,66.67,1.000,1.000,0,0,2,5,6,1.500,0,0.00,0,0.00,-,0,0,0,0.0,0,0,0,0,0,0,0,0,0,-,0,0,0,0,0,0,0,-,-,0,0,0,0,0,-,0,-,-,-,-,0,0,0,0,-,-,-,-,-,-,-,0,0,0,0,-,-,-,-,-,-,0,-,-,-,-,-,0,0,0,-,-,-,-,0,0,0,-,-,-,-,0,0,0,-,-,-,-,0,0,0,-,-,-,-,0,0,0,-,-,-,-,0,0,0,-,-,-,-,0,0,0,0,-,0,0,0,0.0,0,0,0,0,-,0,0,0.0,0.0,0.0,0.0,0.0,0.0,0.0,0.0,0.0,0.0,0.0
8,Gentry,Sebastian,2,5,5,.600,.600,1.600,1.000,3,1,2,0,0,1,3,0,1,0,0,0,0,0,0,0,-,0,0,2,40.00,-,.000,80.00,1,25.00,50.00,25.00,.750,.000,3,0,2,5,8,1.600,0,0.00,0,0.00,-,0,0,0,0.0,0,0,0,0,0,0,0,0,0,-,0,0,0,0,0,0,0,-,-,0,0,0,0,0,-,0,-,-,-,-,0,0,0,0,-,-,-,-,-,-,-,0,0,0,0,-,-,-,-,-,-,0,-,-,-,-,-,0,0,0,-,-,-,-,0,0,0,-,-,-,-,0,0,0,-,-,-,-,0,0,0,-,-,-,-,0,0,0,-,-,-,-,0,0,0,-,-,-,-,0,0,0,0,-,0,0,0,0.0,0,0,0,0,-,0,0,0.0,0.0,0.0,0.0,0.0,0.0,0.0,0.0,0.0,0.0,0.0
11,Kirkland,Kameron,2,5,5,.600,.600,1.200,.600,3,3,0,0,0,0,2,0,2,0,0,0,0,0,0,0,-,0,0,2,40.00,-,.000,60.00,2,66.67,0.00,33.33,1.000,.000,2,0,0,3,15,3.000,0,0.00,0,0.00,-,0,0,0,0.0,0,0,0,0,0,0,0,0,0,-,0,0,0,0,0,0,0,-,-,0,0,0,0,0,-,0,-,-,-,-,0,0,0,0,-,-,-,-,-,-,-,0,0,0,0,-,-,-,-,-,-,0,-,-,-,-,-,0,0,0,-,-,-,-,0,0,0,-,-,-,-,0,0,0,-,-,-,-,0,0,0,-,-,-,-,0,0,0,-,-,-,-,0,0,0,-,-,-,-,0,0,0,0,-,0,0,0,0.0,0,0,0,0,-,0,0,0.0,0.0,0.0,0.0,0.0,0.0,0.0,0.0,0.0,0.0,0.0
2,Beardslee,Leif,1,3,3,.667,.667,1.333,.667,2,2,0,0,0,0,2,0,1,0,0,0,0,0,0,0,-,0,0,1,33.33,-,.000,66.67,1,0.00,0.00,100.0,1.000,-,0,0,0,2,6,2.000,0,0.00,0,0.00,-,0,0,0,0.0,0,0,0,0,0,0,0,0,0,-,0,0,0,0,0,0,0,-,-,0,0,0,0,0,-,0,-,-,-,-,0,0,0,0,-,-,-,-,-,-,-,0,0,0,0,-,-,-,-,-,-,0,-,-,-,-,-,0,0,0,-,-,-,-,0,0,0,-,-,-,-,0,0,0,-,-,-,-,0,0,0,-,-,-,-,0,0,0,-,-,-,-,0,0,0,-,-,-,-,0,0,0,0,-,0,0,0,0.0,0,0,0,0,-,0,0,0.0,0.0,0.0,0.0,0.0,0.0,0.0,0.0,0.0,0.0,0.0
3,Berlin,Joshua,2,6,6,.667,.667,1.833,1.167,4,3,0,0,1,1,2,0,0,0,0,0,0,0,0,0,-,0,0,2,33.33,-,-,100.0,2,0.00,66.67,33.33,.600,1.000,0,0,1,7,6,1.000,0,0.00,0,0.00,6.0,0,0,0,0.0,0,0,0,0,0,0,0,0,0,-,0,0,0,0,0,0,0,-,-,0,0,0,0,0,-,0,-,-,-,-,0,0,0,0,-,-,-,-,-,-,-,0,0,0,0,-,-,-,-,-,-,0,-,-,-,-,-,0,0,0,-,-,-,-,0,0,0,-,-,-,-,0,0,0,-,-,-,-,0,0,0,-,-,-,-,0,0,0,-,-,-,-,0,0,0,-,-,-,-,0,0,0,0,-,0,0,0,0.0,0,0,0,0,-,0,0,0.0,0.0,0.0,0.0,0.0,0.0,0.0,0.0,0.0,0.0,0.0
6,Dennis,Jackson,2,4,4,.250,.250,.750,.500,1,0,1,0,0,0,0,0,3,2,0,0,0,0,0,0,-,0,0,1,25.00,-,.000,25.00,0,0.00,0.00,100.0,1.000,.500,2,0,1,2,11,2.750,0,0.00,0,0.00,-,0,0,0,0.0,0,0,0,0,0,0,0,0,0,-,0,0,0,0,0,0,0,-,-,0,0,0,0,0,-,0,-,-,-,-,0,0,0,0,-,-,-,-,-,-,-,0,0,0,0,-,-,-,-,-,-,0,-,-,-,-,-,0,0,0,-,-,-,-,0,0,0,-,-,-,-,0,0,0,-,-,-,-,0,0,0,-,-,-,-,0,0,0,-,-,-,-,0,0,0,-,-,-,-,0,0,0,0,-,0,0,0,0.0,0,0,0,0,-,0,0,0.0,0.0,0.0,0.0,0.0,0.0,0.0,0.0,0.0,0.0,0.0
4,Brazell,Everett,2,5,5,1.000,1.000,2.000,1.000,5,5,0,0,0,6,2,0,0,0,0,0,0,0,0,0,-,0,0,1,20.00,-,-,100.0,1,0.00,20.00,80.00,1.000,1.000,0,1,0,5,6,1.200,0,0.00,0,0.00,-,0,0,0,0.0,0,0,0,0,0,0,0,0,0,-,0,0,0,0,0,0,0,-,-,0,0,0,0,0,-,0,-,-,-,-,0,0,0,0,-,-,-,-,-,-,-,0,0,0,0,-,-,-,-,-,-,0,-,-,-,-,-,0,0,0,-,-,-,-,0,0,0,-,-,-,-,0,0,0,-,-,-,-,0,0,0,-,-,-,-,0,0,0,-,-,-,-,0,0,0,-,-,-,-,0,0,0,0,-,0,0,0,0.0,0,0,0,0,-,0,0,0.0,0.0,0.0,0.0,0.0,0.0,0.0,0.0,0.0,0.0,0.0
1,Baker,Braxton,2,6,6,.333,.333,.833,.500,2,1,1,0,0,1,2,0,3,1,0,0,0,0,0,0,-,0,0,1,16.67,-,.000,50.00,1,33.33,0.00,66.67,.667,.500,3,0,1,3,15,2.500,0,0.00,0,0.00,-,0,0,0,0.0,0,0,0,0,0,0,0,0,0,-,0,0,0,0,0,0,0,-,-,0,0,0,0,0,-,0,-,-,-,-,0,0,0,0,-,-,-,-,-,-,-,0,0,0,0,-,-,-,-,-,-,0,-,-,-,-,-,0,0,0,-,-,-,-,0,0,0,-,-,-,-,0,0,0,-,-,-,-,0,0,0,-,-,-,-,0,0,0,-,-,-,-,0,0,0,-,-,-,-,0,0,0,0,-,0,0,0,0.0,0,0,0,0,-,0,0,0.0,0.0,0.0,0.0,0.0,0.0,0.0,0.0,0.0,0.0,0.0
7,Edwards,Luke,2,4,4,.000,.000,.000,.000,0,0,0,0,0,0,0,0,4,2,0,0,0,0,0,0,-,0,0,0,0.00,-,.000,0.00,0,-,-,-,-,.000,4,0,0,0,13,3.250,0,0.00,0,0.00,-,0,0,0,0.0,0,0,0,0,0,0,0,0,0,-,0,0,0,0,0,0,0,-,-,0,0,0,0,0,-,0,-,-,-,-,0,0,0,0,-,-,-,-,-,-,-,0,0,0,0,-,-,-,-,-,-,0,-,-,-,-,-,0,0,0,-,-,-,-,0,0,0,-,-,-,-,0,0,0,-,-,-,-,0,0,0,-,-,-,-,0,0,0,-,-,-,-,0,0,0,-,-,-,-,0,0,0,0,-,0,0,0,0.0,0,0,0,0,-,0,0,0.0,0.0,0.0,0.0,0.0,0.0,0.0,0.0,0.0,0.0,0.0
10,Kaszanits,Lucas,2,5,5,.400,.400,.800,.400,2,2,0,0,0,0,0,0,3,1,0,0,0,0,0,0,-,0,0,0,0.00,-,.000,40.00,0,0.00,0.00,100.0,1.000,.000,3,0,0,2,11,2.200,0,0.00,0,0.00,-,0,0,0,0.0,0,0,0,0,0,0,0,0,0,-,0,0,0,0,0,0,0,-,-,0,0,0,0,0,-,0,-,-,-,-,0,0,0,0,-,-,-,-,-,-,-,0,0,0,0,-,-,-,-,-,-,0,-,-,-,-,-,0,0,0,-,-,-,-,0,0,0,-,-,-,-,0,0,0,-,-,-,-,0,0,0,-,-,-,-,0,0,0,-,-,-,-,0,0,0,-,-,-,-,0,0,0,0,-,0,0,0,0.0,0,0,0,0,-,0,0,0.0,0.0,0.0,0.0,0.0,0.0,0.0,0.0,0.0,0.0,0.0
12,Lauer,Dawson,2,4,4,.250,.250,.500,.250,1,1,0,0,0,1,0,0,3,2,0,0,0,0,0,0,-,0,0,0,0.00,-,.000,25.00,0,0.00,0.00,100.0,1.000,.333,3,1,0,1,11,2.750,0,0.00,0,0.00,-,0,0,0,0.0,0,0,0,0,0,0,0,0,0,-,0,0,0,0,0,0,0,-,-,0,0,0,0,0,-,0,-,-,-,-,0,0,0,0,-,-,-,-,-,-,-,0,0,0,0,-,-,-,-,-,-,0,-,-,-,-,-,0,0,0,-,-,-,-,0,0,0,-,-,-,-,0,0,0,-,-,-,-,0,0,0,-,-,-,-,0,0,0,-,-,-,-,0,0,0,-,-,-,-,0,0,0,0,-,0,0,0,0.0,0,0,0,0,-,0,0,0.0,0.0,0.0,0.0,0.0,0.0,0.0,0.0,0.0,0.0,0.0
Totals,,,2,56,56,.518,.518,1.250,.732,29,19,9,0,1,15,15,0,21,9,0,0,0,0,0,0,-,0,0,15,26.79,-,.000,62.50,10,11.43,22.86,65.71,.824,.440,11,4,10,41,116,2.071,0,0.00,0,0.00,56.0,0,0,0,10.0,2,2,53,99,0,0,0,0,0,-,25,12,0,0,14,5,0,.000,2.500,11,0,0,0,1,100.0,0,.472,9.9,1.868,90.57,5,3,1,10,1.364,100.0,100.0,52.83,0.00,47.17,.000,10,0,0,0,28.28,.264,-,69.23,30.77,5.500,1,0.00,7.69,92.31,.632,.364,0,0,0,-,-,-,-,0,0,0,-,-,-,-,0,0,0,-,-,-,-,0,0,0,-,-,-,-,0,0,0,-,-,-,-,0,0,0,-,-,-,-,0,38,7,30,.974,1,1,0,10.0,0,1,1,0,0.00,0,0,10.0,10.0,0.0,0.0,0.0,0.0,0.0,0.0,0.0,0.0,0.0

Glossary,,,GP = Games played,PA = Plate appearances,AB = At bats,AVG = Batting average,OBP = On-base percentage,OPS = On-base percentage plus slugging percentage,SLG = Slugging percentage,H = Hits,1B = Single,2B = Doubles,3B = Triples,HR = Home runs,RBI = Runs batted in,R = Runs scored,BB = Base on balls (walks),SO = Strikeouts,K-L = Strikeouts Looking,HBP = Hit by pitch,SAC = Sacrifice hits & bunts,SF = Sacrifice flies,ROE = Reached on error,FC = Hit into fielder's choice,SB = Stolen bases,SB% = Stolen base percentage,CS = Caught stealing,PIK = Picked off,"QAB = Quality at bats (any one of: 3 pitches after 2 strikes, 6+ pitch ABs, XBH, HHB, BB, SAC Bunt, SAC Fly)",QAB% = Quality at bats per plate appearance,PA/BB = Plate appearances per walk,BB/K = Walks per strikeout,C% = Contact Percentage/Contact Rate: AB-K/AB,HHB = Hard hit balls: Total line drives and hard ground balls,LD% = Line drive percentage,FB% = Fly ball percentage,GB% = Ground ball percentage,BABIP = Batting average on balls in play,BA/RISP = Batting average with runners in scoring position,LOB = Runners left on base,2OUTRBI = 2-out RBI,XBH = Extra-base hits,TB = Total bases,PS = Pitches seen,PS/PA = Pitches seen per plate appearance,2S+3 = Plate appearances in which batter sees 3+ pitches after 2 strikes,2S+3% = % of plate appearances in which batter sees 3+ pitches after 2 strikes,6+ = Plate appearances with 6+ pitches,6+% = % of plate appearances of 6+ pitches,AB/HR = At bats per home run,GIDP = Hit into double play,GITP = Hit into triple play,CI = Batter advances on catcher's interference,IP = Innings Pitched,GP = Games pitched,GS = Games Started,BF = Total batters faced,#P = Total pitches,W = Wins,L = Losses,SV = Saves,SVO = Save opportunities,BS = Blown saves,SV% = Save percentage,H = Hits allowed,R = Runs allowed,ER = Earned runs allowed,BB = Base on balls (walks),SO = Strikeouts,K-L = Strikeouts Looking,HBP = Hit batters,ERA = Earned run average,WHIP = Walks plus hits per innings pitched,LOB = Runners left on base,BK = Balks,PIK = Runners picked off,CS = Runners caught stealing,SB = Stolen bases allowed,SB% = Stolen bases allowed percentage,WP = Wild pitches,BAA = Opponent batting average,P/IP = Pitches per inning,P/BF = Pitches per batter faced,<3% = % of batters on or out in three pitches or less,LOO = Leadoff out (1st batter of inning),1ST2OUT = Innings with 1st 2 batters out,123INN =  1-2-3 Innings,<13 = Innings of 13 pitches or fewer,FIP = Fielding Independent Pitching,S% = Strike percentage,FPS% = First pitch strike percentage,FPSO% = % of FPS at-bats that result in an out,FPSW% = % of FPS at-bats that result in a walk,FPSH% = % of FPS at-bats that result in a hit,BB/INN = Walks per inning,0BBINN = Zero-walk innings,BBS = Walks that score,LOBB = Leadoff walk (1st batter of inning),LOBBS = Leadoff walk that scored (1st batter of inning),SM% = % of total pitches that are swings and misses,K/BF = Strikeouts per batter faced,K/BB = Strikeouts per walk,WEAK% = % of batted balls weakly hit (fly balls and ground balls),HHB% = % of batted balls that are line drives or hard ground balls,GO/AO = Ratio of ground outs to air outs,HR = Home runs allowed,LD% = Line drive percentage,FB% = Fly ball percentage,GB% = % of all batted balls hit on the ground,BABIP = Opponent batting average on balls in play,BA/RISP = Opponent batting average with runners in scoring position,TopMPH = Top Velocity,FB = Number of pitches thrown as Fastballs,FBS = Number of Fastballs thrown for strikes,FBS% = Percentage of Fastballs thrown for strikes,FBSW% = Percentage of Fastballs swung at,FBSM% = Percentage of Fastballs swung at and missed,MPHFB = Average velocity of Fastballs,TopFB = Top Fastball velocity,CB = Number of pitches thrown as Curveballs,CBS = Number of Curveballs thrown for strikes,CBS% = Percentage of Curveballs thrown for strikes,CBSW% = Percentage of Curveballs swung at,CBSM% = Percentage of Curveballs swung at and missed,MPHCB = Average velocity of Curveballs,TopCB = Top Curveball velocity,CT = Number of pitches thrown as Cutters,CTS = Number of Cutters thrown for strikes,CTS% = Percentage of Cutters thrown for strikes,CTSW% = Percentage of Cutters swung at,CTSM% = Percentage of Cutters swung at and missed,MPHCT = Average velocity of Cutters,TopCT = Top Cutter velocity,SL = Number of pitches thrown as Sliders,SLS = Number of Sliders thrown for strikes,SLS% = Percentage of Sliders thrown for strikes,SLSW% = Percentage of Sliders swung at,SLSM% = Percentage of Sliders swung at and missed,MPHSL = Average velocity of Sliders,TopSL = Top Slider velocity,CH = Number of pitches thrown as Changeups,CHS = Number of Changeups thrown for strikes,CHS% = Percentage of Changeups thrown for strikes,CHSW% = Percentage of Changeups swung at,CHSM% = Percentage of Changeups swung at and missed,MPHCH = Average velocity of Changeups,TopCH = Top Changeup velocity,OS = Number of pitches thrown as Offspeeds,OSS = Number of Offspeeds thrown for strikes,OSS% = Percentage of Offspeeds thrown for strikes,OSSW% = Percentage of Offspeeds swung at,OSSM% = Percentage of Offspeeds swung at and missed,MPHOS = Average velocity of Offspeeds,TopOS = Top Offspeed velocity,TC = Total Chances ,A = Assists,PO = Putouts,FPCT = Fielding Percentage,E = Errors,DP = Double Plays,TP = Triple Plays,INN = Innings caught,PB = Passed balls allowed,SB = Stolen bases allowed,SBATT = Stolen bases attempts,CS = Runners caught stealing,CS% = Runners caught stealing percentage,PIK = Runners picked off,CI = Batter advances on catcher's interference,P = Innings pitched,C = Innings played as catcher,1B = Innings played as first baseman,2B = Innings played as second baseman,3B = Innings played as third baseman,SS = Innings played as shortstop,LF = Innings played as left fielder,CF = Innings played as center fielder,RF = Innings played as right fielder,SF = Innings played as short fielder,Total = Total innings played